{
    "model_name": "random_forest",
    "estimator_name": "RandomForestClassifier",
    "fitting_time": null,
    "accuracy": 0.8044692737430168,
    "precision": {
        "0": 0.8125,
        "1": 0.7910447761194029
    },
    "recall": {
        "0": 0.8666666666666667,
        "1": 0.7162162162162162
    },
    "prediction_time": {
        "predict_time_test": 0.008237500001996523
    }
}