{
    "model_name": "random_forest",
    "estimator_name": "RandomForestClassifier",
    "fitting_time": null,
    "accuracy": 0.8100558659217877,
    "precision": {
        "0": 0.8141592920353983,
        "1": 0.803030303030303
    },
    "recall": {
        "0": 0.8761904761904762,
        "1": 0.7162162162162162
    },
    "prediction_time": {
        "predict_time_test": 0.032625599997118115
    }
}