{
    "model_name": "random_forest",
    "estimator_name": "RandomForestClassifier",
    "fitting_time": null,
    "accuracy": 0.8100558659217877,
    "precision": {
        "0": 0.8198198198198198,
        "1": 0.7941176470588235
    },
    "recall": {
        "0": 0.8666666666666667,
        "1": 0.7297297297297297
    },
    "prediction_time": {
        "predict_time_test": 0.004166999999142718
    }
}